x1,x2,x3,y
2.17328186624766,2.3500756697729015,2.415249657090749,35.708200736333495
5.5551180817111705,5.993455177769429,3.045520489271304,60.20172985871865
4.799504908006618,3.9011518303943635,4.451027671849239,56.969897752599785
2.581442344257083,5.075955460252362,4.1039711826251555,54.5763646016559
1.2416295523140766,4.2612066260773425,4.567826749685159,50.13969564803965
4.624306048869083,2.6955708352058134,2.349669770159561,42.39857211182059
4.363173106068135,3.44855390373776,1.9918277977668077,42.75073754080321
1.1206347820788007,5.994214952337453,2.7813941184553626,48.39542356206031
2.8971323179728556,4.3009192057461485,3.728839682823218,50.54280405702089
1.5884770627614149,1.4687177011630195,5.735505422919207,46.466659438966616
4.8101340644617885,3.919588649083223,1.1597849860015792,42.46833634783863
3.948377915749758,3.4636620196071304,5.05520961343986,56.36032085472981
1.5316198015841551,4.774071205733492,1.6947304777578944,39.625182083069234
3.7623649104028885,1.5820929079288657,1.4272147307533976,32.20312374980404
5.868131313492356,2.2506741185824986,4.63386027606016,54.59980143253819
4.363759147367938,4.56615315737759,4.871135213183607,60.95192772387665
1.0128158721579519,2.6878779291758224,5.03425643282988,46.48496363802232
1.039204160464032,3.9439687179161877,5.663396809716392,54.082404846580246
5.021204468602402,5.914707271108728,1.6986497633417206,52.38878813741092
4.730015317572565,3.2953236004213284,3.979622967843607,52.99064449344864
5.590424615891677,2.751706522466211,2.6556352070772427,46.56999430450527
3.1989123406322646,4.377874040378913,3.3450990496826085,49.966553430388096
2.2183986461665897,3.5304930660591256,2.577561616727393,40.46882973073617
3.6571109970645646,1.465421134407114,4.328489932320909,45.20248950234193
2.122502383236212,2.981859812278613,1.1082459379206306,31.549484548378093
1.2163871468470613,2.3434307705003254,2.1927875785914304,32.704899732160854
2.983452581502485,3.4355683641236103,2.8907277522544557,43.96396040139625
4.360385488797281,5.087884634282461,3.372849476713454,55.1779367663785
4.039555998050396,1.9887404792349175,2.4663140195328985,39.6814014968321
4.073889166590002,5.827278324593109,1.8581015138989119,50.076546248138015
4.283537853728272,2.875414382626362,2.5653897491709907,43.73478297013151
4.33480773425475,4.165962196361191,3.0391620147747203,50.324836919384694
5.912869969183179,4.985486461663271,4.538436804018681,64.63889291541237
4.3304712140246595,4.1098819822505455,1.414958600297353,43.258688687519495
4.633728783651446,4.393535528024318,2.206192748222343,47.84763580764323
1.5632265933181446,4.551149765034747,2.3779392789734644,41.71978690093237
4.354596636005927,5.846013288756246,4.032581872845849,61.39099172232873
3.4015553985120475,4.018628746031938,5.33523873819807,58.79452791750857
3.815025367515841,1.9224784551828784,5.706366083239107,53.740454107563345
2.0599721856426356,1.8218282390597753,2.2894316095500775,32.54260797002954
1.5409137567877171,2.4868033103745537,2.6787163651186083,35.54315906386037
1.8556239265429206,1.0571970969109596,4.477707411885633,40.467231683383474
3.7521658054272535,4.7329419288531955,3.7089607801017745,54.50444797701369
5.139639964027794,5.501002407884415,1.33276443950162,49.5712391193658
1.3556356667508704,5.863916790002897,2.7480196595221145,47.58543983939867
4.905972420872585,3.5491710291108993,1.4927510308459249,42.30319067226426
1.6413338795609314,1.6132503810565204,2.7171272204687456,33.11989719171371
3.8450028771038296,5.270795519548404,2.7633567064553493,51.75216949452733
2.7393051189920183,3.2118805056323825,4.309181895189905,48.93909671667315
5.433592986271276,3.205293249345906,2.7791708663891663,48.91859805431565
5.248501565715135,4.479425365621768,3.835086557353848,57.4828975593295
1.3957504627115838,5.462898175688592,1.1027637673941173,39.33874777585009
2.828843731879105,1.6800868675090244,3.542321443602523,40.574154248429615
5.350524477930819,2.5749635577275365,3.1349521276131833,47.78999846785136
5.400176346667614,5.105823008733364,4.178956827957929,62.02389186682976
4.438352963072229,2.242766788632421,1.319935014494634,35.903301932857445
3.787396500312269,3.664493938955774,4.227058077982544,53.178640385382046
1.3056908569077854,2.1848595827023924,3.0146229849152775,35.93752124774079
5.724969247113253,1.9296346106335989,5.785161133988928,58.61582330181341
5.04517398102784,4.4599213056634675,4.813973043758832,61.99406535051809
3.9628980840011723,4.636028199197553,5.4353444630268815,62.75224384802952
2.90070003394339,1.4453243993429261,1.9835197342201019,32.52962655090689
3.427856809062411,1.264502327900344,3.4740744075641374,40.361164888779214
4.323236319402831,3.1154089437691654,5.305773769596579,57.187525529035405
5.180905235991019,4.0460159080984255,5.524625256163509,64.19091298857815
1.5249164673457518,3.5571573895035318,1.9459120802989411,36.62778933053405
5.8252574795307215,5.127075761004388,2.3025931769769477,54.526756063492485
2.277960327630374,3.6131078686390916,5.588452963226742,55.85835279942778
2.706222789590419,2.761961789980573,2.4897279218372663,39.39058807230734
4.891390830693107,1.4887662187198387,3.6176044787234893,45.303599436297894
4.4200895782489384,2.1844256553648123,1.3285965833246003,35.473220585955325
1.740442995618582,1.8601377493546862,3.189207450487281,36.62775382938811
4.712107198960928,3.7364237581771587,2.5085001453419378,47.862386833108935
5.9606699935994945,1.5700481095408005,2.6622723355654094,43.874178732630725
3.4081596986032188,4.82560032626904,4.88560173365415,59.236394679898766
5.314134063964968,5.372727654220659,3.677720238766378,60.51256860850385
4.621867685933736,2.0292451133525358,5.076403124271313,53.59783650766494
4.2226933047940625,5.894871755330935,3.995291570931791,61.09791889083947
5.188198577032465,1.6085104096356369,5.333411030878145,54.81171750513016
5.030592430554313,4.7532010207666,3.2037417352858437,54.91650849904531
5.2136340884797425,1.464491566166238,1.8550251471293353,37.98231881729219
5.837563856955564,4.762447835317246,3.6800157443409427,59.63975151180198
4.031899747614703,1.051364873327987,2.7300951132604587,37.67740992576998
1.8768564433931514,5.193709073409899,1.1381802602175097,38.805845772451804
5.902821187997669,2.8815429229357012,4.9629458672926035,58.7211275881237
3.6964153896103094,1.8252114307971026,5.641409918559748,52.45562637940565
1.7233031155837928,2.5871573706811954,1.8882403805641554,33.32600314761081
5.7781817398382245,3.790122063218403,2.4198161698271665,49.9117205232137
5.46762385282022,2.4178453725637126,1.1675198502084214,37.91566638497558
4.29499132474889,2.9752268653741933,4.913997793020999,55.46072288777156
1.6894253431210022,1.8698554740630455,4.439261532035151,42.6750090039988
1.2589462131307458,3.576117439270087,1.8238582215281327,34.83019492924692
2.0020714436898484,2.561175492146293,5.861417875648644,52.73619380725726
1.358779882642875,1.816957656928548,5.015982014484041,44.073302576348155
4.678433361301538,2.027531390868326,5.892891744461068,56.70908708272856
3.3784897104795895,5.204147095643515,1.3651814744683408,43.87021692970935
4.309131985698707,5.057531541472161,4.257606837681289,59.26036799995928
2.361676598283516,1.0935794601619633,5.296446279551558,44.83719488764151
5.991038312015553,3.0018513462533445,5.503397555737537,62.50853421179834
5.616677773854746,5.355706046349432,5.284191750351278,68.92136645334713
5.015025458235214,4.930239081977269,2.0497202998607835,50.265016656890644
1.7932938507518799,4.847144873762877,2.217114583452737,42.81762466885321
4.535948763298652,4.212649659308479,1.7590095483007793,44.79025566203377
3.0531326924623854,2.5580806937886873,2.4514854171622775,39.17270431311286
1.9121238966390317,2.552285150720285,1.5837842163069924,31.505238468928628
1.8615719430024278,3.0804664123111394,3.5742523105630384,43.39069574452603
2.938937065622623,2.032748439782286,4.4823738112721045,46.54013879763308
3.106533699421538,2.1461828757116335,1.3622526398115544,32.13987298685153
1.777406191555764,4.84097366106162,1.013783004904574,36.89388924142922
1.9335888570624395,5.230081965187001,3.144633880255735,48.857420769829226
3.9259014248357325,5.372491857875578,4.833501590680023,62.82950190676747
1.5410570622596889,2.2789491650668223,5.737752800203855,50.009359291651556
3.8999235546314823,2.6175001196818735,2.70042597310897,42.33596050926386
4.349047337230026,5.473308435750082,5.4538888946941215,66.43385768109474
1.7125289140867537,2.7157935744951307,2.407849912749231,35.9040561454939
3.580861937736044,2.882947918754596,2.870127829900992,42.89268962408986
3.1007519752342994,2.949723799449537,4.679586535098677,50.702166969825434
2.9182880748317888,5.618967192994596,1.7769840733714988,46.24096830050354
1.6495892988880114,4.063921339680561,5.151809093892749,53.44163447277933
1.5575572375024473,4.200996724377454,4.558480245881442,50.44972934522234
1.499957659735772,2.12237390777324,3.313770669571471,37.5726704509215
2.499333485761345,3.2158903291774874,4.06154624915189,47.79411861355764
4.944424858307287,4.407057421141258,2.346798142303633,49.35164354872801
1.5443190543410075,5.61554432961649,5.8453035361466394,61.876509091214785
5.464044506328048,3.748494200967473,3.220407663785639,52.36159210261575
1.0764155656915348,4.391536546248322,5.391533318877877,53.86115377031199
5.735489364843437,1.7220448554625207,1.0220043279563638,35.5848978253528
1.5024128519248416,5.9236801164499004,2.7343644304982364,48.315255224601685
2.883054745106296,1.9643989273935638,4.550677687430722,46.18434639920771
1.5552999228316313,4.409569510842835,2.2389903916558116,41.12864794097372
1.422916394343848,1.2785678397170888,2.6545451064223715,30.86362958523325
3.3008692171225054,4.006348663571334,1.1810248953093363,38.55494930146365
4.93427161510677,5.761180122025554,5.7816383592966725,71.2039453134716
4.47171571686847,5.083665483010799,2.4258816422192195,51.20114820456624
4.528211627846556,2.5949003949641707,4.176856690999396,50.44429651245195
3.655228416486401,4.796079210275311,1.405085403451038,43.07565435563381
5.686128117293661,1.9829586424674082,2.974575341371076,45.48562464431544
1.931398833971671,2.1845557967342706,2.457924284589005,34.63819189839106
2.4378426362327437,5.7872541182710036,3.4002492433588047,53.35730919377893
2.380304055479427,3.810053177242624,1.6596581592414275,37.88951611810196
3.3237193519064645,4.479006228370494,4.252098582608243,54.708749962635785
5.949375787901681,4.138815502716383,2.792115841189391,53.67348942553909
5.13107112938645,3.504930403127829,5.497080308703561,61.715129450507234
3.7756412518172398,2.912748434656542,5.724260307255563,57.65768969335772
5.4536676265395405,3.2737369969005727,1.0575984720563316,41.018443401042404
1.6374085352758352,1.8690989597493508,3.220303481005659,36.579990955942385
4.737309031726829,2.1252191973491197,5.630620653022311,56.367090487062974
2.000803437760842,4.357038043887769,2.223118715535602,41.91008638329697
4.728352482340581,4.0046496096529465,3.169570348761413,52.04062105139076
2.9060116707486987,1.0606473476078655,1.806109767558053,30.113298976166664
5.1990087071311075,5.027011775708809,2.486510981383214,53.51403271407335
4.647126737614172,1.259570790360641,4.814437627712872,48.829308213232245
5.376964286470092,4.630660699571395,5.712649848762557,67.43160595848997
1.9728015842203135,1.167968264281277,1.3912888595368065,25.841386530434455
4.939097997976221,4.841921009389873,1.9635655799656,49.23312670542319
4.2681133921000445,1.5568112960799643,2.218796425344104,36.72472206328489
2.0705751122386498,2.005230270697455,4.555668656425604,44.579726009634875
5.010232501654202,3.2117394539626547,5.495451280450032,60.019524438362836
2.1906018356640002,2.162571157982804,2.7958802472678808,36.756606998923935
2.0185926270596104,2.795452869153486,2.388610655080298,36.73863174417054
5.606100664525507,1.6917887507329268,2.1959256656097335,40.51465505894932
3.3280445023186305,5.086749417597138,4.037952759421007,56.06430333346763
1.8558186954676965,2.505778241734799,2.009477032860237,33.96219814951024
2.7662426259437085,3.818809743313857,3.22323575849725,46.3884126249541
2.088625572448212,2.1739871436786284,1.9475508252134512,32.870745458949926
3.927273894029241,4.502077307049255,5.269036564391187,61.74568358743417
4.927806168836942,2.8271070334846002,1.3547286965302776,39.52222378601334
1.1626837321309442,4.763296515187848,2.7524686624702364,42.997248125336284
5.7694748926383115,3.957306481758079,5.136752596543649,63.10169010310861
1.3886672332325931,4.814657795923178,5.834811413037866,58.62734879527531
4.2228379746386855,2.1022581154130826,2.7345372111979698,41.34902684334014
3.838226635956349,2.719782603201695,3.043065416855789,43.91311996613853
4.547268894151573,1.2121062414287072,3.9540600488033126,44.89328801904713
2.828030546447705,3.258473634156395,4.691659739229955,51.18371758493326
1.3362235740549158,4.812211103776761,5.234655531312051,55.99099693384257
5.594078698394942,4.678919747643458,4.1095027667277355,60.21504235995853
4.698343969518742,2.7449059635585726,3.6273656480878764,48.76735589675451
2.18478311842623,5.373950964949597,5.135923195492722,59.94688600308503
5.168000901260138,4.202416166026856,5.23028340014106,63.57479588360257
2.13933724848636,2.8244555293218934,4.776277687528868,48.07255007840345
3.670551766224571,2.977724951496564,3.7501000127537067,48.446820226266226
4.41373923128117,2.9523262574080267,4.489709863505734,53.08030778678418
1.915002345191212,5.0465978032731025,5.669007377384361,59.84310971736057
5.550678916091834,3.65213875862148,2.8099635082630563,50.47839530358732
4.867503467047103,2.924913899706084,3.8021645958171963,50.77107097573253
4.419332268459216,1.6494355583304046,3.153851409346162,42.17191137120273
1.4209032388879712,3.633739002954067,4.169595211950381,47.17348698868877
4.068570720766737,4.947260998568167,2.739635891226098,51.111275011212484
3.6443587637513883,5.432839471324444,4.715712789784149,60.84057869380394
4.901177219776506,3.7539732902760554,5.309786346422101,60.85416465407428
4.852467558332574,4.248471782935368,2.869060058779315,51.73945320071208
3.1496936640419486,2.9710004139429733,3.024893951489946,42.823589955706424
4.928605610619966,1.3999727753220972,3.002260899429701,41.47810786572324
5.1626472373143795,3.469006331674559,4.579103454433056,56.95980585868208
4.337441550586213,3.7327403388436085,4.578677085787956,56.326642855218445
3.2599693573551676,1.5650719417917793,5.325226682497567,48.907111879349664
2.226364377496884,1.7152927264480975,5.208924588141834,46.34082758981223
1.70563125206289,5.236905005552664,3.1690006561728548,48.029063214466724
2.889114807549903,4.964787647384955,1.7845504611227523,43.503896250398476
4.861550502846152,5.8268096671169705,3.8486216941543905,61.73216624735033
1.0168891376180174,3.430306543422204,5.937890587010215,52.98987578360565
2.8872681879423334,4.9411268753353195,1.1769567211655776,40.649089314159426
5.216772507327934,5.903207647838581,5.678548721531043,71.2654636318357
5.4853910105478665,2.0328779890384423,1.9300741893280744,40.538947440134486
4.16807988429431,5.629109025395195,5.727229498057653,67.7626183206189
1.8509335768341701,5.925031884282365,5.9108331079592835,64.48505947383971
5.826996999450747,1.1188278331529564,2.4105044454468993,40.62425824121971
5.651568995839089,1.8839939308162625,5.688570821752528,58.05589399602464
5.817299266473465,1.8328287111185406,1.6048242040423846,39.249049859221664
1.6811883772480272,2.284428296675233,2.121478951523256,32.8197634833308
4.32574691773868,2.9569199410736555,5.018200878517374,55.99742908029074
5.089168780077041,2.4464161176220305,4.813872409764121,55.063878947541426
3.5269830445904318,1.5234268730124803,5.711982518184335,51.159697883090885
1.7240971331293693,4.199684606309599,1.8043995668116217,38.56846985838187
4.614387233694713,4.7222499908521485,4.345633731118111,58.96178695942192
3.2707077520778203,2.1897196627062714,2.2923549955317073,37.70459640954069
4.941266123095896,1.873872088970971,5.401499984306102,54.61276163063237
2.4473380948660646,1.8555538425630482,5.365975366075062,48.244159521792206
5.064502012344531,1.5805634606030092,3.3170898709013894,44.61431578013547
2.039125433157495,3.799374203824941,2.7764398031413267,42.49949530848043
4.183047404677116,5.5373099529331915,3.3172359171010415,56.38888114672427
3.2401877138253634,4.714978601497222,5.79234066786902,62.33198472855838
5.320060557454303,3.933116266778911,2.2326481971804197,48.32623326729535
4.893866054740279,1.8894925213595328,3.1120848913994883,43.721227508308665
3.6964618831938783,4.643944726992854,1.8714840497976066,45.38233707469154
5.983566349823201,3.201261379523181,4.097699161845472,56.433806297867775
1.8273741518757083,5.733873181509533,2.418849873994729,46.92507613200665
5.528768700939817,3.5233678849032106,4.615090062844425,58.479725712609635
4.287787592717811,5.758838113469847,1.137830972520041,46.915865658881536
3.5728211460299195,5.662776144351151,4.238016573670799,60.15637195676234
5.699723041822647,1.2789411081934685,5.136535521327552,53.78725493434912
2.6805491027629027,3.21881818645375,2.1350721526074663,38.55164872442618
2.2673608704539996,4.629573510594868,5.3703556856228785,58.133798384673966
3.1617383346992476,2.8577719553154513,4.464183272737108,50.135823122891104
1.2280211400105254,1.1030657989124633,1.522674277978481,24.53161771019117
4.688455168361431,1.2956235788260915,2.299968978185226,37.428833169659164
5.194435726468317,2.460007368380352,1.1702160962275157,37.92441860941391
3.472443083250007,5.042132917276451,3.4940969127562553,53.88878269188294
1.8792610747872325,3.08546469859934,1.8473136932715768,34.92663340177607
2.8194396699258295,2.8932925652456345,5.769882537312806,55.33721678230462
2.110983612103889,5.307400996107195,1.4239756821583551,41.67340992184117
5.263593299749855,1.7712363444893828,4.936838881877246,52.875012144513924
1.7846584931264067,5.7717129237884,2.145445877901239,46.25511848255923
4.586311275329974,2.6547461532431376,1.4184433342056333,38.34142492443621
1.4293112191930009,2.0945344174504177,5.827311258035769,48.52653337619631
4.314746270203592,3.5625807514883525,3.9705183162888975,52.60411911363132
4.444486770301422,3.7967436479131336,2.630007297480816,47.39581006693628
4.643512279536759,4.359521492088979,1.71877404118919,46.314622435163585
1.4491590487448838,5.016559358811081,1.131071563697494,37.41020523972486
5.603409845120929,5.383156695587694,2.763737392745141,56.84607522375083
2.168759587651445,2.5635402585418623,2.14412314927331,35.31036776971473
3.0752688209947183,1.6638362078320392,2.8782242422025415,37.4423331548254
1.883667678687018,1.2482735460852452,2.330002840911995,30.83867746512522
4.069694530806231,1.223284917734325,2.8910319500326023,38.846288882180104
5.289257617773361,1.1880966506052317,5.771018311841953,54.80131835039896
1.1983422601490714,1.9466073398152552,4.0967228364779755,39.96025641022235
2.2659403899076995,3.975169071695168,5.6895238422512335,57.41299859248009
1.722161362083054,1.7380993210435127,5.467174946300525,47.06131610898277
3.9374095505378026,2.308150181342531,1.7647441086690943,36.89846951309638
3.7688070547608437,3.7519987008405007,2.5888239926353434,45.20711395055314
3.210669643124541,1.7237522720567418,3.396266922006267,40.537536115177225
4.282178763100809,5.653354310001713,5.0579579783187345,65.0021329730591
4.108286432998009,3.935813245528116,4.830877605515653,57.43395000359248
2.6043080062483113,4.903627379668162,2.364989954489344,45.97474319108114
2.8942711061792212,4.797123034985859,4.171404802300858,54.80898120564062
4.466165118913764,3.284830196760581,1.4559093206716098,40.496443228205514
1.0026367228839037,5.586669821040771,2.569541177587918,45.34849684400975
1.038503528600566,5.075092931109297,5.687758030277186,58.23322290311789
3.378421808361483,1.7066015456870018,1.9401497395638065,34.036843701592204
4.873233681395735,5.640651054081728,4.050410068221778,61.889007806516645
1.9180998315916518,4.386238484100028,3.947999758705661,49.194030879324245
4.438937616761234,1.2989460958564771,4.959573952258527,49.48807927008684
5.928328414941174,5.867489305413533,1.8237778184435411,55.07975558703963
4.018407684870444,5.890397623685948,2.093999824220737,51.683254288291764
4.027626427811132,5.348965149731644,1.5041482996695645,46.99557539548963
5.591199363222485,4.6137953686379785,4.6742313218957285,62.6310617516028
1.4003562481090066,1.8668785972434052,1.5366806892230254,27.982449230478018
5.70809851271563,2.2613151057665646,1.9927210924215024,42.21869367308236
5.727534896654152,3.5727822137165,3.6867798168254935,55.244217349495806
4.021365384436471,2.1115324957591444,3.4367203934494706,44.29434771789746
1.040689277732973,5.6571329059757405,2.6860169496124677,46.301101488224994
2.143105491900754,2.95226160504384,3.033994853246707,41.01920142203637
1.9582865888094416,2.1805367289989905,3.79149373684008,40.584794113556185
1.5694184428134568,3.7076059699736783,4.7109963664938395,49.61134709348196
5.689874378614855,4.11156711553087,2.8474427963823237,52.564164569700644
3.4591024493757088,2.007302977970957,4.84093105145635,48.83034104143857
3.828845386905769,4.010705414131417,1.7730858354445207,42.973284535852194
5.527905635208251,3.7114362527085727,5.231727064227708,62.4383834044567
5.855462686130337,4.978384952264374,3.358326325402809,58.41745497849919
5.162562995082521,2.5398359241493753,2.643717798341015,45.16692579084111
5.550094501860218,2.044301737882776,4.84337063484581,54.65609780937726
1.2896981949556687,5.908674818668325,2.7236337157655073,48.0031202937739
1.3796075051435506,3.7224442607330412,3.409603472928272,43.4826738687606
1.8908188304799154,1.4875894458479768,1.9347314761951626,29.779182738146133
5.347126861943025,1.982753179407216,4.562222156167615,52.672883364184145
1.4704094681085675,2.5862261903875607,3.1473901021332447,37.884010225761315
4.103133952128828,5.843661667495963,3.4603788212853694,58.475417439951244
2.635711274648719,2.7266002131759874,3.96491831890018,45.30586394349089
2.388209048664783,2.296695466043813,5.893655193543156,52.7671326029203
2.4648151192738634,4.677745037672462,4.2262703206691,53.49082115677336
1.385319015718037,1.106819436567052,2.158861619975293,28.187779586372645
1.550843685376673,3.5380686893019035,3.323641001442383,42.3270252349023
3.193627920839428,1.850975723541194,2.701935270540342,37.72065746140605
2.2753729318869627,5.895431284206399,3.227741486596475,52.2607419718012
5.18900175959677,4.9148584374439395,4.945377644385072,64.73479638902681
3.68702450850919,3.9781582424888517,5.403047141168217,59.098601540578535
4.730786180718463,3.1682570260046807,5.421016681256261,58.800549963964414
2.059192876819177,5.086548882844141,2.139997135941177,43.83308316176643
5.2919648566268265,3.87190523420486,2.1172953310241813,47.71634757785243
1.2445308180247352,3.7771329895158985,5.254163590437755,51.64551444821414
4.41308512872752,3.5097740539977895,1.5577716615300266,41.433259870219956
1.3900379001542487,1.003620840736303,1.5066881700065207,24.263087802103655
4.623034726906551,4.339675974898405,3.067324896621861,51.70724443628193
1.059190869245,3.9878297918190864,4.293029854624045,47.200213601079774
4.871906550990889,3.4093348570513085,5.367809356141276,60.19753954163173
5.43864634633375,2.4690917302119724,5.4679287736203595,59.01127510713327
2.828472889734523,1.0049295835970469,4.134424553793323,41.04351715724021
4.015881870535395,4.577189722450139,5.803462677180185,64.10262132555076
2.0333734205404657,1.762773252388837,1.4561514897397507,28.823585957600766
2.9062687727290557,4.050820813523182,3.654972957820819,49.367865841170996
5.508178640983039,1.3807516674359501,5.056686130150025,53.31303072380675
5.497805460523915,5.658662179652285,4.850386481636894,67.14976529299655
2.241362019088441,5.0330109920118,4.808287483571808,57.266670854744476
1.337058864486222,2.495213911209089,4.401176996891711,43.6700300786253
2.5486474664752943,3.8353976445421543,1.3106433829801614,36.47061360887164
5.9475346501278175,2.350289831188033,5.376218645399187,59.295127446226914
1.9841914884107217,5.291384298761414,4.437518773701484,55.08690891274107
1.083112902040428,3.2884755594290422,3.1577194452087722,40.35666840460984
1.7288182937606391,3.056494923043799,5.963211844609639,54.28313175177533
3.700406855157245,4.958851830472207,1.4060246838950077,43.92510319638742
3.9290695422151614,3.7830909225147145,5.604114501821791,60.212987680625474
4.344986659482317,4.073606683352547,5.320003562612021,60.66682057585104
1.5260059471797751,1.121799835893952,5.336794334624866,43.18814325404528
1.0533781345491429,4.715777709057829,4.5957874303590955,51.309708270840105
2.286244366670124,4.073642196306024,4.491537355687136,51.61954493699019
3.025549135230287,1.4916731113888702,3.2145368109295456,38.87021616856297
2.673968575458141,2.3974465071655464,4.628771388578201,47.85933543645513
2.1423479718676353,5.101968832962669,5.813194729667821,61.699984566769785
3.7644964255224167,5.703335671527064,5.5981502001825,67.18483859794507
2.0015571035625994,3.17010765575817,1.1948963923605218,32.76859047743679
1.5520112547414073,1.9269484155533547,1.582562170220668,29.02526037007805
5.584955282777755,5.716801696663136,1.9364173186147073,54.35600434340459
5.073733628839587,2.3707911761574145,5.192134802698545,56.29312214613666
3.5811948077835356,5.602682686589637,1.8726886750479668,48.49444925625396
3.3623046765101114,2.1160472244966186,2.601669872651818,38.275918541373386
5.226695898650906,4.624678299174473,2.6740050719455377,52.39783949629766
2.287192846743232,4.454084529926595,2.803522821536738,45.78967924519925
1.3058927495521164,1.8309321086812909,4.842565728174643,43.09515940574937
5.092705999438811,4.821353413331217,4.171587311278151,60.43638577570992
3.6152040194059705,5.101249803672219,4.6409110396649025,59.94081746356069
1.4882388898504875,3.962672556681867,3.411469201184783,44.65252594712546
3.2412733829487523,5.815154233138616,5.219034928625842,64.24500629975493
2.865162114345993,3.110854988044701,2.7577773148759572,42.15795236739963
4.897008683678177,4.859368600759737,4.829478847979599,63.00608802200065
3.0255304435957777,5.785150010968928,4.5785588237450225,59.94296706979195
5.2334562254113415,3.690703885913368,1.6183727523975413,44.301132437427455
3.9826781037957426,3.4539966222391705,2.4921730074082884,44.236516961988706
2.9647444607981046,5.224523114645991,2.7443779814053597,50.047172426741085
1.0603709494376354,5.193245694436349,1.5592512586348863,39.52792141871418
2.0781218490214446,1.706760467585303,2.3424003276274283,33.22836924203478
5.814564344992686,4.196961598862122,1.8728660763858715,48.75411132413804
2.1900964408968706,5.9853706288036745,4.176578340438326,57.360974662329696
4.073633978248722,2.00018776286499,2.6077321853135134,40.562891655280254
5.809786664707473,2.9501482651999598,5.037951899740348,59.30894503723584
4.704187266786932,2.6479750808215323,1.0328989528784607,36.67943867676262
5.669483161244394,3.8571518172052013,4.707989815234357,60.72760393874298
5.700421494552176,4.897246553065763,3.1329213903725543,56.72313924829134
4.335111939260952,2.250305629127136,5.784914740976774,56.14213050678915
4.2409049351011365,5.453505488302928,3.188532843904303,55.60875950818175
2.165681283034595,3.671103676117781,1.9574983227582696,37.9694777107715
5.528475017186132,2.10868941282369,1.036571063306425,36.48295699692185
2.8865955427621643,5.592886248553868,4.780950263924195,60.765527057296936
1.6892662343030709,3.259523405832101,2.2990896986949845,37.019397487965506
5.372122983250103,5.067166437572289,4.104135943922269,61.371072311286056
3.8395369049121992,5.558500014544786,5.440815188871062,66.07939414849751
2.5935978698976343,4.489209107121761,4.848909285271452,56.001673615463794
3.2646286619416327,3.3916684728532847,4.415299520384552,51.33408042023118
4.890810245683985,5.021444572860835,2.102388215158579,50.511777509702206
3.3524470162858186,5.0583396663600695,3.9460093870074093,55.85443939161325
5.321250752392792,5.1746085919029525,3.485342534160658,59.177006289467904
2.75910847283001,4.207604580294802,1.1135166850838865,37.998095374244585
1.0344669913254225,3.0154913693846326,3.1469575667251855,39.11091828889668
4.2494242644638405,4.179353087675141,3.7192211861858757,54.06316596550397
4.2040178962855155,4.132155755960193,5.56137131838527,62.48896146247833
3.554189062383578,1.9464335120213625,4.256392815495349,46.01912953254635
3.253056351293563,3.5175587858253863,1.9446471201992923,40.4073203955542
2.6023697895798614,3.9893648685069314,2.829255712335601,44.96401699390646
1.9851249217538116,4.147019657032079,5.8068182203920715,57.627235987918674
5.801862703938859,3.14353881208728,2.7429741318834284,48.75407903076585
3.740108626721419,3.4813672359203585,2.3329675030574433,43.71934877565289
3.89194885317658,3.7767114364720324,1.0324390172683446,39.125206294547624
1.4724760283209384,3.3719221655044787,3.5985311529789796,42.940533721300866
4.135795997345404,4.177747227661371,2.5916469011905687,48.07223771567092
3.3195419563206854,3.1488851420112054,4.315063726346325,50.34448831403075
5.095514288654679,4.106878885377471,3.3625848859001137,53.77389865383014
5.672857217554596,1.1899186900308707,5.780681006827986,55.77093467572366
1.5561055261508434,4.73518834235213,4.530262061316335,52.433434632699345
4.3314036030671,1.2318061670595306,3.7555605157115353,43.17749825256016
1.1562662517992615,3.911388610211845,3.5735740959372757,44.56755239215667
1.3278710581836157,1.6756461845968071,2.8391863628850844,33.206719330868154
4.35105380898491,1.577675109975988,3.4678819140816883,42.960767619774714
5.725025288237139,5.739698264933429,5.967009582653464,73.31340826400036
3.9143014725851386,1.4043251199650832,4.776895696944526,47.934075193201075
5.398258987070174,1.3928989083906025,1.8890025437673392,37.64072314437498
5.6445781253078176,5.230931473062649,1.49880069599751,50.05465932478602
3.093004590896747,1.5377308345727327,2.0786110881554025,33.05686659093029
1.3887637425036923,1.45175288639827,4.112801156004568,38.88391925071588
1.6278127133104787,4.930311870535169,1.092398537321119,37.33059413143626
1.2882996655129,1.3376930842591057,5.6266273672377,44.916034703389606
3.7615604137515906,3.225744058174678,4.240428417055703,51.58641424904203
3.7690839325692402,3.0143549793094477,5.268759948851539,55.76897851782694
3.70986905187352,1.0111154738182029,4.258367514839025,43.19129718334258
5.627046659957425,2.198791403064103,1.105967490196492,37.26464759917721
5.172079984849393,2.674963900359388,4.199047883880582,52.90128109548495
3.0499396217004824,1.9982468507128028,4.327204022808042,45.26127694842045
3.8054626867061123,4.5702746342454486,2.468582625144662,47.59171328160275
3.288276065933778,4.019141424043727,4.373678342619144,53.85984129218538
2.625896563658368,5.834787470201513,3.328271916047369,53.56666111776577
4.856314591857221,5.896124120188766,4.617340288346149,65.769756667027
1.5496747525419865,5.545734455490184,2.1011958338995753,44.261931183435095
1.13741290397553,5.529727978147733,3.401668526903241,49.32770442738109
2.489148978158765,2.6112981859404236,5.9628497803706715,53.926653933600555
2.870351436338607,4.90284264410151,5.969196524371205,63.237352761401866
3.8483326397777513,3.0500391547881924,5.123742180190903,54.77965559138699
3.7194867949641317,5.230380537889769,1.0520529081249226,43.274649661512555
2.1255349787627194,5.004407650511094,2.653500232966554,46.54969555660795
4.75905671030693,4.04183074938806,2.3545299260876735,47.8305405243993
2.3414250709046542,4.110864499992983,4.258406294950558,51.11312420395532
3.894857328518187,2.92597011267039,1.0943528728931127,35.479006458957656
1.0181696191198655,4.995584023608271,3.824627074185833,49.21830708855874
2.3703851316374926,5.996723068513313,5.310107097430543,62.70821033293089
2.9476699731038427,1.4167136019179951,3.9294342811220506,41.365511982974596
5.981193057161888,4.1229057356719565,1.5080176319393166,47.043774103377686
1.901118403865534,1.091815143882641,5.556575785178313,45.04894503453071
4.6438779614030885,4.546914576571804,4.870051241550465,61.229390296286674
1.894249160545117,1.8664566609409552,4.578748363798244,42.98937725647268
4.417376908795397,2.493865093615487,4.446222716817327,51.848388149905254
3.9165180422561665,5.204354341174335,4.82608610517795,61.74788596727768
1.830572338336681,1.6292278135720935,5.260021307566025,45.24669682489905
5.770451980977894,2.9741915588464485,4.93744469936582,58.590953674622945
5.411182308749436,4.045592499377588,2.5488200576047735,51.00626301283527
5.872124240280567,3.582817462773741,3.128935993072561,53.22195977298329
1.925670306822266,5.074712657520113,5.4374579521049125,59.60132611721026
1.8134718305873752,1.3167517231145585,2.67813141997718,32.83882798848736
1.8342273946992396,4.366690309885419,2.298907295694532,41.690462186981
5.960626485829519,5.114066786451469,2.361530492362605,54.78920482146668
5.058535262669064,3.257758582167839,2.787149941730659,47.956013411677006
3.28906848386355,5.5234294950941365,2.5814874956942147,50.627587494929735
4.82036714690134,2.991138836209934,3.929623251124489,51.69506939787345
2.261994351983508,5.709091775598565,2.92726057090185,50.414874822645494
2.0132132398950993,3.0943743149987237,5.3325197880888044,51.293348661446
3.939853052413877,5.348907220920495,2.570536583596223,51.52541051597383
3.0607071853951577,2.911237848306641,2.973707115719465,42.89297075558398
1.6211749414398726,2.2895484555813304,4.439343786041626,43.76113365249033
5.087313120402907,3.6014201393142473,2.5305038468759777,48.54644451053158
5.942229374783512,3.804523513079784,1.5977762855159048,46.17396452919512
5.698882004385309,5.404183731099754,4.25063047946936,64.13181018461499
3.1884989009501963,4.759146487644687,5.150792051323614,59.600675008683304
3.6385579981062235,5.090432960991838,4.912598774365084,61.207101979592416
2.0374604905940688,5.894065141502573,5.414590325185822,62.617905949180845
2.7677091365966087,2.180514610079908,1.4487243826235048,32.270191182592775
1.513105914302336,2.193787385376325,4.157123192036278,41.61769347303543
3.9724660539607943,3.9010828203297887,4.967973971214541,58.24043494963831
5.645711697794333,5.890407883946243,2.7169543921138377,58.52159751981804
4.483960750783389,5.274683279473203,4.580388987220331,62.57023730137251
2.211907520518043,2.5974947537080753,1.0787306251180986,30.801702396271438
2.1714400435223244,5.106400397124721,2.2840013295864914,44.93703592445256
5.915356219757989,1.0288812043968774,5.12159787536886,53.17770500723489
5.359774551536858,1.0114101530103794,1.1064594302401352,33.21262610857441
2.0625961401015376,2.488936453649483,3.740781579605884,42.09559030173052
2.47368089165639,4.689180395526346,5.954912538675103,61.63046917069979
5.259354860272083,1.5695156311131644,1.0661170868738792,34.747743066953475
5.796575452065354,5.8254247070718765,3.861844585662436,64.37003211694964
4.474292854748736,1.930564728891829,2.4802941469966298,40.554073307209144
4.056580520207522,5.525487175267316,3.1078783258146876,54.747809851134264
4.451459183423299,5.135528025445555,4.113223375712478,59.93074078711482
2.3728917036742017,1.2889866734201407,3.2880808066009193,36.4871267320089
5.3695005699885066,5.729218046282719,4.093814886664053,64.21435276294136
1.7137775454606832,4.812169298060981,3.7025764112754795,49.84278434693947
1.4018370797297872,3.514064728369505,5.059339501687426,50.386508348573116
5.8670745228758525,4.904703699295644,3.6644331667127763,60.23918253857163
3.655038105992845,4.313053077195024,2.827766726433842,48.77812101434841
3.020958843143998,2.6950934296401448,1.139274469850612,32.72793166527025
1.7142848762981298,2.553785569599329,4.69195733028253,46.20796298723718
3.736104406575164,1.3686553943325954,1.6599589074094352,32.50565435333052
5.548004600787133,4.381605981039222,2.4571998245022684,51.30555282947533
2.607986538958616,3.675004970806922,2.40865880273609,41.51183116499922
3.721190145442817,5.489205960643179,2.142489257427254,49.18616711440876
3.284256067769861,5.523194187348004,5.911028236495446,66.35358339562715
4.949636908060875,3.559457088812063,1.8130140989210355,44.0904056071716
5.298941668139461,4.935102009972722,4.216305124702068,60.9646860993424
1.6025986203664502,3.357422954959589,4.091345172976759,45.330448748701464
1.8459273396304439,5.155879250851142,3.2044248494105596,48.869100508932036
2.0736279520285597,5.439031776807703,1.1439710294699208,40.37808271616559
1.1524589139344235,1.4953361636699953,1.1524364599654449,24.668059347600202
2.9713260034323317,3.6357645672220014,3.8845379624258767,49.306562209221724
4.142244022980846,2.379339491135835,2.586350878671847,41.67085725996017
3.927302259091826,3.641964888094569,4.441383142962671,54.638316790175395
4.741376461910505,5.930035388091383,4.985161257392768,67.4267445694497
3.0272550279176818,2.1081629433830944,4.658100725028911,47.888695269221294
1.053477844559528,5.733341197384986,2.456739635773583,45.43664821906292
3.4437162263417473,4.2300595786515895,3.7302068899247276,52.11534955917706
5.041727648661123,5.677816343296303,5.591856195525404,70.14770014676232
1.4445446346152755,2.6083419428876073,4.9545025426096245,46.423860960269344
5.116280997988619,1.9325807687786987,1.2289209035735578,35.59557368211353
3.505339679933334,3.5260591224622537,3.472424594190664,48.49352046804994
2.927520609190954,1.5978201682439783,1.7156732115075841,31.168411089125264
5.265238750156126,3.053657371003672,2.7332549047849977,47.97708003115029
5.501959048102717,2.4721790936429677,2.5083543891859463,44.66329859788524
5.137821840446393,3.9086785772266115,1.0511128415049011,42.841782905202315
1.1966026055113501,3.6145815221999675,5.098754245241539,50.764175836502154
1.123523059425209,5.983580026262987,2.4413129520139707,46.53063063294943
2.1036620819042575,5.348139323287344,3.87073481994301,53.50593791317637
5.102183238064406,2.828289870183506,2.5632773202161716,45.10575126938033
3.4622090203264495,3.01049073546484,3.716691671493064,47.099480035451464
3.270695033319007,4.999012057840164,3.587470017918422,53.37922617961814
1.5459650670007914,4.867409631370279,3.2183564787197465,47.29956502071299
2.204745212692604,3.9540769535475473,5.59252585148039,56.166698305782624
3.6971059884009514,5.070576795177434,2.693530088042952,50.37041033797016
5.983728928856042,5.0484897052883575,1.529949762691203,50.55322531450305
4.8792311140942015,5.033342100568178,2.4880680939651727,52.21497207250092
2.2983281453763924,4.255351502828176,1.3246959537306844,37.65496624861936
3.681183330174805,4.8900264452296165,4.143516157207643,56.30240307798325
3.4169302299658098,5.545824360834352,3.0597917812422954,53.69987689602452
1.2318523287943697,1.1469092703784685,1.8632714302227928,26.15848478040451
4.944545073605784,3.9442115676007603,4.545988800427556,58.91907501270516
3.533118640955434,2.875776181932852,2.172573179335776,39.421387108553525
5.277522188835107,2.3437666753914757,5.848336297496044,59.29502137086673
4.097576680901088,2.9627600171476733,3.2443136508727934,47.133286814368326
1.3886060161110199,3.9886488351733846,2.8871490771466135,42.24872505287212
2.6434580612932415,4.864796416481033,5.244612085070754,59.03155152016334
3.6249120507385597,5.971576144799677,2.642678030910928,53.45233412343069
4.169958875259914,4.983289520622644,5.069399736103451,62.73445972092907
5.410461237353653,1.2033740162610536,5.009030944893361,51.939451968422304
2.7446483752183872,2.0163018495142344,5.574605960016644,51.00340927697536
2.8115596409266037,1.364140694639545,5.8492580223067865,50.195473652213586
1.8827995451674198,5.615779787798279,5.151102234023759,59.84352187494976
3.0910337665029433,4.415883543821461,3.599880344272411,50.77336273614835
2.255927195876711,1.609289479355581,2.40300268585388,32.8126202413412
3.9955340335173157,1.7354668126045998,2.574645126199641,38.53351145448497
3.4491099701623864,2.936584081954653,2.7882914283856337,42.61538379373802
3.940206895337407,2.787695164498512,3.487790530824931,46.517237938810716
4.758809104010352,4.781329884152399,2.5730873531106706,51.32747707300029
1.473930589678594,5.253523696156438,1.494886398081248,40.19518706092501
3.9223524106806593,1.1398441000090407,4.071596386676347,43.14396229748996
3.0280034125212056,2.491658572945908,2.081696300653739,36.85690282432145
1.9617865784785518,3.4087429265175326,2.7492505621807397,40.61110454048331
5.213347972929493,1.4083877183545566,4.261120373999735,48.59518202240995
2.1500454980147747,5.233052980236239,5.486967080463441,60.403589605700326
2.5252287237905233,5.393082194262096,3.638817301832122,52.83502679554159
4.086420438701694,4.626487024691854,2.457404810663861,49.29996151627295
3.2432511654214213,3.595605298236835,4.64156902702579,53.021712738926645
3.627573604563728,3.3703966344842358,5.597061644852317,58.09990852133515
4.8042491624771335,1.8395755378329628,3.01236547624129,43.05225883144485
5.016480755510125,1.355912181260762,5.605720507744663,54.39578830916583
4.629926658876786,3.25547855337647,5.056503660766929,57.691412750929274
5.680986985383179,3.016445712230548,2.1593480108760423,45.83468971899598
3.3136187025892374,3.150383062928682,4.933979554948056,53.70088753733217
2.2825551856360584,4.255007174549897,1.1587406747849662,37.05713326073547
1.279087707481055,1.5137681877406786,5.838411074827787,46.21050157703895
5.193434847785308,3.955536720879455,2.9705962536272676,51.792487128784245
1.809371250328366,1.2548418722627859,5.139229619407862,43.38249372152211
4.0499753920961155,1.8022776089384038,4.972471342324226,50.241194320521345
5.0286838171273365,3.3386500770848406,1.9051828648876559,44.42087309142223
4.943160919791617,4.956885296303636,2.933865070720512,54.67830719907067
3.8842444786260284,2.663247943854537,4.335612069448601,50.4300037684876
2.4779433049067725,1.8823666527976943,3.68351966123904,40.5345329659271
5.6278931522227005,2.5870362795116044,1.424966359754061,40.83687396543032
4.1176796201724635,1.1265188843138305,2.9707230865963856,38.93843500355974
3.649887464390393,3.569017317770317,1.8702342087271564,41.67005570697075
1.9126637299187412,2.7778409384093816,3.7646569087733925,43.28661004275588
2.92090927750258,3.442530460589958,3.4952102835336722,46.33431130411994
5.310592461931579,2.96124597482076,3.3076584077251043,50.26587276268489
3.1480813225875526,5.870217345568141,2.919828518281747,52.77383226464126
5.958422400387364,3.1445053816682536,5.695556117844206,63.70557288933036
3.0411080263047863,5.696277001971267,4.199224153583473,57.89036305364192
1.4959734929573707,3.6332697739071973,5.03943648524799,50.99628467266466
4.046071077630943,2.2676243764212574,4.314970595115973,48.87402066575762
5.057544100956588,5.489693201020412,4.50618684910447,63.632257680021134
5.346605275571854,4.33240304289498,3.2982684316620765,55.207837106655376
1.3323306628244194,3.4746298855236395,3.8637840352357364,44.11036755944135
5.233758038797318,2.862165563703657,3.1973811301537864,49.00474894136115
1.0516309480636097,1.2349769931285701,3.771640821086949,35.4978325243897
1.936416730358568,4.657487884486767,2.8215733144824258,45.79283376949654
1.9054907993696337,4.854122605148318,4.807610385940761,55.00942044662933
1.956826277428346,3.8884937053092226,2.3716433291790735,40.34091302896187
1.6912931956772284,5.038892607137666,3.8616622760502612,50.878603165757205
5.8139599256759045,4.8724751086791205,5.434378946913762,68.13911653794995
5.876197770070925,1.748481908444607,1.1854243333604233,36.91579606343239
4.158163034844163,1.1748987912968452,2.627036580496173,37.73472176129844
3.0603316649473062,5.627846759225739,2.4343021139248586,50.192201650628775
5.797048319068665,4.462259039363639,2.346134464575239,52.18833966256198
2.278062842523445,5.972347698523568,4.190843216135438,57.531500021959246
1.0737830925921061,1.6783175526781293,1.6902983604190323,27.02589092317226
4.486045324413786,4.88863997622347,2.228372356556359,49.49739387215132
5.7442736123714155,3.4126157458678756,5.033527826636677,60.318741143443546
5.6230925178998294,4.938340333333491,5.578356626279795,68.7194483511054
2.586590728690383,3.9540272715162814,3.5104701198053645,47.77289462842166
1.7988754860037062,4.381581586898576,4.376243211013554,51.02063240684246
1.0478789507426924,5.981596527744447,4.243447363898353,54.9867705735586
3.498132662954683,1.7242820416364104,3.4752272114327507,41.65142443261996
1.4787625536932811,3.0322633271299555,4.022330541726886,44.45941820730549
3.0227959343958397,4.735951709428719,3.324950501694592,50.877366100586165
2.654412921084632,1.5436667675216622,2.2994515453851108,33.52683054577747
1.1447460738037227,2.638454285360775,4.522804654954402,44.43999258210596
4.494163849733304,3.9354179575651056,1.4404845340378278,43.07731977663944
4.9737103263981695,4.235956342736178,3.777997149837695,55.789599423688145
5.014319999178059,2.058094664306255,4.046348482352187,49.67629680849907
2.6830659231205414,2.2825014819889775,4.725281225140527,47.185398175810874
5.6788984470318375,3.9287541704803717,2.5336179719603615,50.46112734353362
4.036368434911863,5.685142019186981,3.408876243587276,56.73593519098339
1.4254573289125463,5.5183840707913046,1.6450190509377647,41.73570561120009
4.921785341586981,1.506876180909925,2.695728192734886,40.44746594573282
2.7486060513895203,4.232296955055274,1.770575162069345,40.80222286491379
4.426036008756744,5.568755149297155,4.5642575292025835,63.176686405230036
2.7454432373686353,5.019007464647309,2.8581460848457363,49.01125305080345
4.209444806241908,4.0112683418754305,4.507432844724837,56.787839454482864
5.162607311396421,2.465803807473847,3.956436302662961,50.636071306941105
4.646830791161904,4.571656875487993,3.3819476596519396,54.30064033307344
2.205530004576973,2.7511833616624206,5.477731885905547,51.18634947368047
1.9337874251978973,4.642390293904917,3.730133827145203,50.06109931011896
1.0553278908478756,4.287377908303685,3.2854439761090726,44.34635244728238
2.8056009143536174,3.6178955088894225,1.0198969928760495,35.081596349408635
3.6589481923785656,4.990855369066024,4.030642457271643,56.44057203023853
2.8563662002848074,2.605516800229573,5.312144568557744,51.855553141445284
3.446654648258366,4.728184491917602,3.9345188512888294,54.49535752060155
1.1543767145963837,3.2142868983402755,4.340242729346372,45.57125616423283
5.560295933318944,4.406322303643698,1.0846699079769297,45.04131083711592
3.7346776919087596,4.067891965881596,4.006139754652288,52.822568486609754
4.880132575327774,3.4550242179256605,1.0366143489989708,39.917987870595866
4.3771029574545866,1.87357426952481,4.8764933319663015,51.47370009268229
3.0502122214939416,5.029278242365661,1.193303140810936,41.582939860105036
3.511923117801738,5.786813652024295,3.559218823351382,56.69463126097872
2.6074196353938994,4.033896471938373,5.632533781167062,57.7880983310743
1.5336940832227817,1.6703148211302752,5.25590434597236,45.03932163062422
4.0720320916160775,3.2737358236946266,3.556269113819792,48.85448382712378
2.461018521404198,3.335469872656269,5.826725709252492,56.209986442921256
2.844627646684774,4.647294437344293,2.660783651513014,47.16697838216662
5.890156948892407,1.1328404258256233,3.442132850978876,45.53636424800279
4.788745302287556,3.91139109303675,3.80640897360561,54.05404168231042
2.197168138788073,4.16525741213613,5.838068235884809,58.78221734296949
3.2492062316484116,1.5246664573093707,3.2058395114010616,39.5652012938474
3.091209955072574,1.2694989895523565,5.03984282873691,46.27902928656405
5.2534766108227124,5.8001878931314526,3.5763768943785736,61.79578299890073
2.323967130662931,3.233691871475157,5.016015455258952,51.84382520202097
5.347518471993964,3.6429192670682355,5.144074031072612,61.01501468206369
1.9715428055462039,3.155605981813451,1.5970241311849744,34.71688487970675
4.032782829264116,5.571129116749141,2.273028564727459,51.16100459476377
2.6926997959094736,1.4887956512641995,4.448488977718305,43.79855155568193
3.8744521101498948,5.7833104714184795,5.321141660593952,65.6141822478986
5.2407161744365265,3.3275537412609886,1.6387713513909232,43.67109404591984
1.4522433547268219,3.742103857694198,3.1744018581540185,42.906884435766095
1.30306809368905,3.2394466435370965,3.3466337511695117,40.74219352903345
2.0214036170633594,1.5790960313478066,5.48175823238916,46.95333356589932
5.868892157489044,2.0061615389932532,4.713356279869651,54.22857821682878
2.112954532039959,2.287968983419208,4.427267484354036,44.5272987235205
2.8532904186099937,5.385079374552322,3.9441111913934677,55.70020158472587
5.183355298700009,1.5275783846250692,2.1543841847719136,38.9117299634721
1.0501570271955132,4.505991545924711,5.709325964996463,56.18552031416919
4.148092071965913,4.481665143949238,2.0713233733185246,46.94492214105749
4.016787364898842,1.0926032223104678,3.1729198283617706,38.94856476245226
4.001766699523056,3.6148263874844084,1.6265987423815016,41.224265993139355
3.2831745755754875,1.6034967016528547,1.8887113413813785,33.64779216350446
4.3949373500497755,5.436735257795545,2.2814284305106742,52.24246700508893
2.0484268759462085,1.1974158919684625,2.7850815554881634,33.4754156617738
1.539753028021297,3.4655885240675475,1.4624138407130163,33.74274298007217
2.9059297204780314,5.857387748262112,5.516907047925939,64.49300167517067
2.765543015009945,3.740780480372005,5.052936405003591,55.04593280597497
1.4730315240207217,1.9302865190666836,1.5543709744101977,28.311828068412318
1.885519011215813,3.6154842043257895,3.1076720632707997,42.9563061082337
1.1116054796335353,4.631344185720787,4.632279166944995,51.859890956251895
2.9591875839621404,5.629230734391174,3.5486471405330025,54.56220976417263
3.1471755550019527,2.0854955776004767,3.507233702895716,41.9907930291151
2.7704616065673444,5.33486485817951,5.2236654693421976,61.20540482295933
3.8652862245696182,5.604298980308726,1.001520422411988,45.208364166846344
5.379540787833923,3.879058440376009,3.981764121043229,56.271731594586285
1.7094326555601438,5.32901386984308,4.296021606837503,54.4726969892928
1.301502990467966,1.7017602612697604,4.347318643865592,40.2924817491222
1.5181144725692999,1.2384967086315952,2.2292877844299936,29.15205764093593
3.456563313661225,3.795816176510777,4.517666142642444,53.787182460113755
1.0360993730131969,4.25658776553332,3.974946522850467,47.12815298615224
5.196661744707336,5.664438416167329,1.7514422456176872,51.899246367150226
5.4261119858648845,2.822119286037185,2.1097542092237687,43.99969609615682
5.900757161207835,2.7298625672836883,3.405508567685986,50.99705221825635
4.709450691312716,2.09416787831248,2.0734332769793213,39.87840497857449
4.87467166505693,1.2806690877927076,5.477098832723993,53.04557324869941
1.0008939514039086,1.305466085977083,1.9606526780077917,27.0659609437169
4.613599508984581,4.923187121829544,3.1381792519990923,55.00068945730051
3.031019756026768,4.587482538174669,4.6483244030631035,56.08745339455313
5.854051810063368,2.980219525037281,3.805693631438924,53.565478725453694
3.5888153772268425,4.994941307863217,2.9403506434195283,50.831990185828964
1.55089927338182,4.351107455869425,5.122991019599497,54.19015112276255
5.297108098152052,2.3038940949669025,2.52026596565417,44.168696886398315
4.764333354780549,1.1227693852125167,1.6535039047989843,34.54533331489509
3.384673717496643,1.6379475753761992,3.43770295258457,41.1796605794485
3.513744470842672,1.1113084336348924,1.2519182845990764,29.107408382203104
1.6953350412440462,4.454766035501997,1.0247876589424711,35.3066475333345
3.41317916504323,4.067053399008081,3.312393158068276,48.97006774300136
2.3966263901723934,2.991429588120499,3.568583248687613,44.42361370226823
1.294415698956116,1.283746229183726,1.6594973295248847,26.125191729069687
3.1322038531987637,4.526526429980059,4.091820624794412,53.576740717187164
1.4478205387770688,3.235465190630092,1.314676441185785,31.64068604157792
4.703980913464962,1.6444702197535346,5.008128341367606,52.03079411476516
3.0848966710040466,1.0194978810926476,3.464366111921818,37.811706164456034
1.2521701795509772,1.9947376196704083,1.6857317174424575,28.492027533478396
3.758423670007837,2.3239438431080632,4.25224600936895,48.10812531310005
2.052911934881095,5.944073252870646,1.9426422972693134,45.76474180104701
4.451834655220739,4.032860608708082,1.2594564806535582,42.30268501808575
1.0967537939448855,1.5513898626313378,2.821596082972416,31.883293550867727
3.736792208577266,5.797905097972068,4.376831116307374,60.934480998161675
3.62020695054239,2.3322009597641316,5.27067724833099,52.865209099099616
1.7840730955457893,5.3592530117977875,5.712178436559723,60.738054434136956
1.9214735584901894,2.055315252229367,1.2926434258644095,28.941779198347145
1.5022949574245028,3.796335016800702,1.424355284749704,34.41760023913844
2.859347661543031,1.1439468501202479,5.539233846644089,47.39088031785497
2.907213200313525,2.307752446226657,5.0893523571860655,50.13041706385072
4.717632671046012,5.2412592910390305,1.021725468214624,45.986356054794776
5.239454722407499,2.625353862811626,1.1317578379911128,38.22640113159197
5.641441700534522,4.0946861790683675,2.6032142117680444,51.308050959503205
1.3525672623081588,4.467244002309764,3.183992932006731,44.84692374732265
3.712637280962099,1.3613948540693779,1.4662988443273364,31.187549776853007
5.876050419313749,2.7239977415917314,3.8827680415207597,53.40091602734751
5.0764712013255435,1.461396092009962,1.8916597002470046,36.8568120677715
4.710470696080345,3.124695371521812,2.9386826120137575,47.77156718793989
4.616353231921425,1.1303605570375133,5.037269284408836,49.80760933103819
5.727647898853478,4.4176342200190115,1.1649824769286756,46.00991546438482
4.413782545198371,1.5996878989870353,3.068687242744506,41.44499610907803
1.7335229715820413,1.0193741111313916,2.3215546277157424,29.812206310735863
1.2426110125741487,1.9485723571491995,4.468521649594938,41.14809144517862
1.7675193343084297,5.860543540970818,4.7862701670016925,58.899143487928086
2.528875147648263,3.379265254175058,3.950126635309621,47.270818246141495
5.66644374097528,5.1148891959136265,4.382861697993914,63.49396474095162
5.489334863268348,4.315556225533285,3.3608864267756258,55.09024373467059
3.2182839573863844,2.4598978889373857,2.7885497439261293,40.652699587039535
5.207894871232016,1.1484804548589298,3.8145301654124677,45.425638010737394
4.098042904006421,1.5406264289876739,3.635181567719517,43.36400835076314
2.5634604093765336,1.382268745519796,1.0375896127012776,26.826265835188646
5.50426765783331,3.199494051740265,4.43041232869523,56.981580421499835
4.711300169949759,1.1496856557118598,4.275653736864541,46.09777657413146
5.136498688271828,1.0219054140957597,3.3771404329441728,43.12976832500112
4.931570176770766,5.742936254626721,4.104234554921933,62.85699619958342
3.3563905315042133,3.29598215963539,1.8511134038892925,39.3635804564059
4.3242418414590755,1.6980801267298715,1.68879463721089,35.187632726698126
2.6339952891385097,3.5993082543827994,2.166114094372523,39.98385864797781
1.4771837383300621,1.640228656507848,2.5021960655179765,32.01381570069786
5.473102007011996,1.6580416662963091,5.174376939375732,54.516013548292094
4.502478237673381,2.609803413128949,4.324079096697959,51.331129559631194
5.507014803982244,5.5735802397985745,5.944039449168894,72.13873180269485
5.425536890887342,4.005825535354543,4.424476677843066,59.20141737004218
3.1551310498738294,2.7481431727815586,2.357121833652864,39.54764920153246
4.37803054728348,5.5061276513069295,4.084992759461107,60.591790296708744
1.5250221821513583,5.665875046581905,1.0658044517079925,39.90765473698083
2.7350207713952974,1.839222589149235,3.5508137348292808,40.543037968804605
3.030694116676079,1.635520597671471,5.683040086087409,50.58591137105577
4.065486050851451,3.7093729345863036,3.890655260276303,51.91549841035263
1.4522625022230298,3.2269420149081447,3.342627189616974,41.21499550717079
3.8057773682447165,5.00457614848029,2.9672561482529027,51.61492141415065
5.673780693546053,1.3718756186145096,2.369146387152062,40.4276585261707
5.152853080749146,3.560945639347987,1.357692384010878,42.31224343509746
5.60264944641216,5.534471338657347,3.2030659442888236,59.48249951465747
3.5760462425444954,4.191909942101205,2.3740817991316905,45.831331061795694
2.6146640873433404,5.698786766234068,3.159411827914324,52.27615867850109
3.056506468462876,4.7424556766882615,2.9167165731861417,49.29269945421717
3.9632689381103723,1.3409970635954662,2.1436911171882813,35.12153406244304
3.5733300680976443,2.2129084020314886,4.844643501139037,49.88526493463361
4.515999647700447,1.6258876514041734,1.1648687355064882,33.02014934188207
2.1299383631314006,1.7512142934246158,1.9048153965759158,31.246905101621692
5.311225793811934,5.816389013664458,5.922442834738828,72.70037615681778
1.5300648138300628,2.5878986307948164,5.431011997881437,49.41610290042631
4.498887420589831,4.489202026498977,1.3438842382693115,43.74192472534874
2.329119406511227,2.3874589399523085,4.057335565470517,44.40483456706255
1.1921798565667565,2.350143380336842,3.232535221262555,37.326653052196676
5.156095048312272,1.1106884595642126,2.292781283030334,37.85711184143055
4.935615744747809,3.1768430325892627,5.525300293528225,60.179321492663185
2.1371721881919394,5.409479518854304,2.652351090507648,47.608125234328746
4.046817641204979,1.564574372527686,5.200128569428968,50.24994398907436
3.182943507452375,4.897512853146905,4.096841416505963,55.786684635584415
1.4214370206829388,5.873097518776402,1.7097673343201438,43.14130363655619
3.7069410165291927,5.659467191149785,4.655686484943263,62.46809960291966
3.1006471250130563,2.7031965772271,4.441363849939925,48.98700854472138
4.420362949418722,5.455214760821356,3.56751252570607,57.602828985414696
4.858246736509033,3.2148967149309726,4.833934615948801,56.50658481352842
1.3876240170898222,3.288975776431367,5.573980601576382,52.33668600383851
2.0817544956618357,2.505483210581981,3.8267016405921592,42.996880264602844
5.359255165167938,1.3378788250414426,5.083551567514843,52.184312033138426
4.578462437151705,5.85053784994312,5.061974124848195,66.71330213574888
3.7792077434162863,5.452801718222082,3.5077072256203925,55.958850817318954
5.1529548259656055,5.079676636181246,4.741353307821677,63.586082478459446
3.205202552218466,4.472396704643677,3.3818472240183652,50.95915497040706
1.837571011127109,3.0217323410295225,4.093562522659301,45.34031515939729
5.949881242154396,1.2939976166082463,2.668422807356609,42.537089582706656
4.620230543233429,4.001765801637813,4.8192286450879145,59.43400671209607
5.7763266286992865,3.9974290114857185,1.5099313232348717,46.42832276455082
3.1523405875939416,4.210855842353668,4.621638816153618,55.39641967660885
1.6814834200298296,2.222399623117382,1.3994336747519889,29.64713595907527
3.150811697910702,3.8849003580494905,3.7390531574361203,50.305449079674396
4.671399719415522,5.391348313057715,5.8918263516149825,68.90877488944098
5.753490517573401,2.85814259280336,2.341689350731152,45.764313410259476
4.066384832642163,1.785119286656758,5.6050167854572415,53.75693019580886
3.7717329157869353,4.2036710085340125,1.01267938187406,40.27428620475389
3.427790797342315,5.61633208881421,5.759442496985931,66.50050890671149
5.901439177280481,4.6541858077295934,3.6650880011543436,58.87450371160648
3.408678069551757,4.165540703236854,3.9453692981460513,52.37723874672251
2.8711168393176436,4.095191246705308,3.6158116599693333,49.76830377663301
2.2667437640774004,5.5013112262203965,3.9656146433535513,55.0899207903806
4.081230037654485,5.176131663403209,4.332553006571562,59.84717208190355
5.860130462712469,2.8201655514388317,3.2106498428626624,50.830405483771194
5.246909902449786,2.046747147644411,2.6288148914715306,43.492149366042376
2.507639550096655,1.6581323654787115,4.554295560820016,44.54871596477707
5.286631842341968,4.079616991280979,5.240557175224067,62.650382638307526
1.175139625887923,4.293919650721232,4.916371578995424,52.328383195973814
4.799823347239931,3.5936359655275796,5.119755402910761,59.66235169535145
2.065787809637535,4.688863403938524,1.5256760376980951,39.54011505069535
3.5817711791342,1.483053258314277,1.1198443843618135,30.430449158557206
3.4846771179758713,2.5510155711360794,5.0667058791459825,52.00948160525905
1.0560372925702053,5.084023673619284,3.0923183317249174,45.49864399159753
3.708630330781155,2.775364332473872,2.5308691098784184,41.67986618535946
2.2517748049841875,3.6370549867840642,5.432322147582512,54.889135238927636
4.322008347588651,4.816195638542525,4.269675626111155,58.392869989503275
5.670960045218822,2.0276014466042653,4.456612079691951,52.65739264866457
4.286351345775941,4.182495957941001,4.597639054696215,57.56636162374781
5.829238171925797,5.892608626229164,4.82442432619249,69.05570465978904
2.660253842992682,2.0750847366350724,5.6706638527892,50.97615867408101
2.1543813285020486,2.181016709646889,5.906301190498222,51.80290811537228
1.4848095762502274,2.061228768583205,4.250458803488126,41.658630152977004
3.075658468241279,3.6603162313295265,3.191888456097413,46.17073573989845
4.6889537970655715,1.3987065584424694,4.253131076704327,47.55975239279272
4.5552107178755845,5.456734520949238,2.888961228314149,54.62251922755163
5.938509780384289,5.151279827484061,4.27295942411472,64.34217271065015
2.3775603796172575,1.2990170806420844,3.707338165848294,38.22424023468782
5.572360852414981,2.436580822688818,5.060633138846004,56.71359496167934
3.9558601820471764,4.969757003742906,4.418229811352003,58.87053297065949
1.4916993023752698,3.6099213588312,4.706124655193318,49.17929158347494
5.753334588130234,1.4917606824637337,1.450019261574011,36.920304260490454
3.528958103942039,3.9832087905446105,2.6709708215774377,46.280220158722464
2.0358541058367243,2.5135563212940815,3.427583389746355,40.969344797320254
1.464690512529713,5.4998292400597375,5.068227000131979,58.18513029330937
2.271604021511053,3.9108705074995984,5.930350243412998,58.260077312591996
1.3871259115625025,3.019544107956583,4.109248293390127,43.67558732792936
2.230815026937732,3.1921070501991524,5.7073598478761465,54.24971480610253
1.1382971071832462,3.813007578226228,5.21055766947297,51.20536283281115
1.0388754080910698,1.7117480621542311,1.0442806329273104,24.184157371226952
5.50566877943314,4.194890001571668,1.8838708060064326,48.07392288605724
4.264344198458276,2.4543337464085204,3.509767709177273,46.500033839065
2.4485549320536255,5.732459798647168,5.431655350628319,62.535981794260316
5.07993565886324,3.3010811993220064,1.886696146824539,44.28839165350178
3.9156199332553596,5.890062513939504,1.2348181302792023,46.93850636246759
2.7085886895903615,3.9918665359478114,2.0958408464553244,41.71736040717537
5.0175018062472105,3.584676250778726,4.161635968503931,55.02839479798282
2.059299031274822,5.29046543757806,2.1760732505520277,44.617097519771725
1.9916788264576293,1.248589374491418,1.8128530532313456,28.868725421844676
3.632620774474802,2.2492753704532937,4.923692526196263,51.12463770180702
1.268846819645352,1.2604308897391099,4.779376939261674,40.46676906220213
4.4861273366546275,3.1243104090333182,4.374765219206652,53.81726890487072
2.5947984754393696,2.978125973127809,2.678217495178686,40.568576490920634
3.4660211480655745,4.77899387270974,3.070801927874985,51.15768178840239
5.680795702549421,5.657888085907372,3.255900100920351,60.156496306155844
5.919635862674871,3.7854354328823643,3.5428432746727276,55.27446769052267
2.4629590151687295,4.101493736469136,1.952092470103657,40.8485859958089
4.197518596820449,1.6579696312953192,3.327601476480666,42.68132810253758
4.289490049855125,4.11469748685218,2.7912769306435954,48.70805355939937
2.8044872783008836,5.436928167804074,2.473424607787072,48.37548788681823
3.916611502481197,3.564912480192146,3.382932492268685,49.2230797429359
3.047476531725798,5.398686877365004,1.94267960834575,46.726556295877685
1.8610629832467742,5.1395151464442055,3.1905221824521837,48.7917441507931
3.7944282231619226,2.0244407719518462,4.300598497034092,47.82108945703629
2.975127935749782,1.9707504075517455,5.686435752997341,52.209473240014454
5.516443551195625,3.9629692799679574,1.3277799171169455,44.927814929030205
1.5480645612255857,1.9653573777998814,3.47871042300221,37.946948763349
2.1704919789661794,3.819657803779001,2.9079035886260884,43.260751036523395
4.790183694790397,1.0583863576165573,5.8233265418250735,53.75498708383693
3.999818828628814,1.1532057472709853,3.447563132719079,40.719756089224305
2.022805904900761,1.878051734102268,3.5305061625138108,39.31940501434038
4.558276359558162,2.750305774131766,5.696897509838348,58.677530047382426
1.6762744385775026,2.5996170355710264,2.6693129089087773,36.73136854799647
2.398874083503224,5.987858522534714,5.09165582559683,62.322071358801395
2.7517766711419864,2.3633435895853028,4.730699838868075,47.84780378271441
1.3372785890984638,5.429559138351508,2.1929243258529865,43.40571462748506
4.508619465197991,4.026818617004976,4.610418660550467,57.44656743712833
3.604428433094057,2.606784405318416,4.150223239990174,48.27883305778798
3.8852219807730908,2.7229924507618373,2.7333535743151085,42.564367786238684
2.8990478553123813,4.586833386871385,4.347538691446392,54.195353599044914
1.017770940466978,5.088453849442677,4.260491704247922,51.67255258898836
4.592374336983301,2.984532036285321,3.9080420509437834,50.76645763115969
4.6881115767193045,3.2120288762412237,5.665457999516334,59.91584258060459
1.0875362365490133,1.802506746238882,2.0243165079020295,29.432446549400055
3.8549254766871863,1.2652662562745656,2.553651049029357,36.61090114655566
5.31186914895569,3.7373965365031854,5.710353357629796,63.92662065782983
1.2917178070023878,5.919527122100793,2.8414771624898107,48.37015206873611
2.0263030177170718,5.754033469951907,4.488079946592935,57.06098039088344
2.2084477936214366,3.074509820623243,4.019411452478353,45.73378769531454
4.054377632779257,5.5494723331624,3.677414061792494,57.46919831862679
4.071351888423251,3.439275798017059,4.6129010107372626,54.70496304114419
2.35334474412322,5.499037411081609,4.6220638910954355,57.73731243500345
4.869936207076524,3.259053025925213,2.8265068022310054,47.345327844848846
1.3555849881934314,1.3174557035092236,2.374668928171825,30.196436741779983
2.8591566413679095,1.908968985929985,2.1496346795104673,34.334734259709805
4.578797624724984,2.457774855307798,1.5221054430344085,38.189913454388304
2.0121212612766057,3.0050448057418233,4.065365229583624,45.29966893609772
5.594739878908854,2.119392756730155,1.6758441082921585,40.4599825596025
1.7647250540257962,1.2220756927880518,1.0643493100889807,24.471058186826102
1.6423736804822116,5.1364679060341825,5.28045931779928,57.73593536114085
3.2670558460760404,3.417513480822497,3.3300236085509036,46.21314675180127
2.1235000464066154,3.121430737862024,4.7616685740646,49.065801598522995
3.0895513212807506,2.5490336361432315,4.137538930727562,46.4286706056846
2.6781859260400727,3.0777279816576644,1.009856910876584,33.39734964815659
5.888233160605208,5.792066880579343,3.818499804047621,63.53291466940738
3.1867477575221725,3.661961747356187,5.485002113144896,57.04250128817211
5.512617494216685,1.2079935364503882,2.356485912735125,39.66190611967105
4.890397536824208,1.7845882869488547,2.0779559096118025,39.2329217238316
1.0250886718393584,3.8836080247402314,2.1605236782535444,37.6950067301438
5.786262166458503,2.814282384966729,1.0174265346749292,40.05146039010022
4.9980457576707025,2.057699666393068,1.4627198095944003,37.501985344573846
3.7403372297490343,3.6400631956619747,3.3949866416972014,49.05093649239815
1.6441965386285142,4.0552183938682465,1.1543271556360937,35.133950799610915
3.9869625335882697,4.474728510036274,1.5950879928553177,43.99689768015218
2.6141658542253023,4.642568710232211,2.4085207637990926,45.21459830517323
4.804046605409974,1.769943108318571,1.841532733678703,37.95907521761471
1.8982920714895277,4.54777302195514,1.0227294848720399,36.14616550974564
4.675119894276049,3.8488111839785595,4.198160953349621,55.98396828562966
1.7275256129267715,2.965452858026759,2.965096960579124,39.655567736410774
4.988109838952845,2.0916690084615728,5.480499618921157,56.63074648464006
1.363003120958179,4.457907615074689,5.945188100281197,57.77134904742201
1.505578128368818,5.943299238831933,4.997463230578752,58.94781169749354
5.8589444258416625,5.515498394773525,2.1186173763726703,55.079690246952204
5.823529071139964,3.3121818831381136,4.457779809449671,57.75244587361793
5.005864362166874,3.7191160887649075,4.95593871780742,60.12059600263489
4.861965145699898,3.133307356522925,4.631168718577512,55.22640413801995
1.1543012520124243,3.3259111030870776,5.308339553868126,50.321771830240245
5.259114337629103,1.4700363878163194,3.7497933111829203,46.86057691576239
2.765245166106892,2.344744494788265,2.021022238258602,34.85439716609382
4.468108099607509,2.3086222528197906,3.195407008813557,44.95720929276212
1.0906960327654267,2.27532294318583,3.093610824969512,36.17410925985498
3.204172072950368,3.931153551493819,3.254487099830766,48.22259846987694
3.625953523448656,3.368754751175473,4.145951257289399,51.15887633458775
2.7697571583383516,1.0875504281847301,3.634910663306211,38.89386710768128
1.2612284757847587,4.06347592322018,4.887830834336604,50.90392250837695
3.2759861083617148,4.928195207014548,2.4611293109761414,48.083817320276275
1.9848626984539592,2.4742142153607043,4.444629514470636,45.28758469704358
2.0618305959734977,1.6718068206660606,5.386326656991128,46.62541923699239
3.224330917677743,4.198423688321569,4.95738968755465,56.78373990619407
2.693927892250702,1.507413054945035,1.3172406672078498,28.96076844227111
2.4220274501591526,3.538938607342145,4.054618600202205,48.790488449765405
4.650906045190398,3.008998442277485,1.4261766552053414,39.48360493000204
1.1855401981743054,1.541314205204348,3.984253783557566,37.44251155269913
5.860682438434517,1.3119290024655696,3.4788533446929755,45.76678515520553
5.2143539945551405,2.08027687948871,5.113408024352948,54.861089909935664
4.096893220047536,2.457070963211606,4.748076044049554,51.87950828131248
2.5087637506427276,3.3829776439584545,1.3963478222231283,35.614606038008915
2.362344465695524,4.126578820928323,3.9371894347410294,49.41769916492143
1.890428439838809,2.4079840164166946,1.9017412459683716,32.42453735164249
4.017206656585406,4.703718854146054,2.041878873690906,47.18823482577831
5.501993859108035,1.482555704883743,4.063212703625133,48.29049021842182
1.397941452685317,3.381620122948318,5.412773848133541,51.30242841661366
5.871739583668123,4.9656850447804235,3.685533912702348,60.594260387512605
1.96808908986511,5.709205628244951,1.4048455643796078,42.87836253471111
1.0740754254954408,1.4845549755120748,2.3818905716609953,30.13747866291697
5.951588018347731,4.5552298993157585,1.7043668868189934,50.093493460964055
5.632574819127038,2.236885811159209,1.5846913087648198,40.427026430131846
2.6964861307932706,5.292793337828863,5.063373609300239,59.75819037479316
2.565726629252802,1.1393237201174102,3.518762811197699,38.03270743989872
5.207979759390298,3.785433762561358,2.1145596927805865,47.01011819121539
2.1582864473188543,4.927116216387696,5.133963298487627,57.61471691707331
5.5790263130055715,3.26097475644629,3.0068780253779965,49.83488312872259
1.1515582539970506,2.810681063739433,3.3825485445661245,39.60048389157062
3.5947823831782606,3.6707507268629014,5.384059521267285,58.311444632205024
4.343749111595489,1.6673076843714576,5.81112718308299,54.24629314664317
3.433575543302347,3.143014372325429,4.17545043816542,49.72509116439397
1.5621332511461474,4.924542077776305,2.7675101274506133,45.312068903624414
4.880157805841149,3.2912020516670113,3.919930472306832,53.19625572361509
2.9609874633629647,4.60780267168912,1.4968773415055816,41.78473361106262
5.462357272304004,2.505413099915511,5.3744938139228955,58.76475811442319
3.482504563077102,3.32657808850564,4.225245123543843,50.694375948463055
2.418903644762554,4.361312126667337,1.7314716032915998,39.97542273259294
4.878832586428874,2.089735241962134,1.0363765206971682,34.753622962074004
5.277855321204356,3.196030843252064,3.2688137467978193,50.9706942974677
3.6928675505955564,5.97599553163094,3.5291316509596538,57.973865947177465
3.5994205033900544,4.516124686231022,3.759779831819584,53.74992696183676
2.3757460146457055,2.1578833576637733,3.5041137902480495,40.59692779260424
3.169831660415155,5.792359836708103,5.701941154382517,65.6555001431513
2.8234228963843564,1.1101889733465966,5.704375587360727,48.45795998452682
1.6891699173166643,2.185380367264633,1.9028640573270674,31.298698517468186
3.338095333139458,4.564164730411364,3.518324561083735,52.028618691746225
5.7056371579327685,4.920308144082002,4.333791030409491,62.66254704921056
4.312192041893558,1.5405003157105988,3.1185094723120357,41.58369463841351
2.9513512264651407,2.231880396467067,5.071980311753933,50.23816623900132
4.443525350267564,1.9532911450891213,3.954456919579086,47.63120998646509
2.8589240377513083,4.1772449034790435,1.1014374584924949,38.12147870375677
1.092056439129919,2.185215619991626,1.0274933719455,25.784556089473753
1.334743547788376,2.306384163263499,5.122336863364719,46.57027742481505
1.2945682759992263,1.4936605958062368,4.0394009869378245,38.51763850299488
5.5032787860743735,5.04893933168028,3.726431549016887,59.7594454061613
4.255787971581445,4.595213088082781,1.2104874044375644,43.127852302672544
1.6011118447578694,1.5896941225888392,3.217758376375035,34.88405543203147
5.324357348252425,2.122672739210871,2.0589328959424016,40.98230819862102
1.9198147258123979,2.703386760164185,2.5089089009214414,36.80186731847552
4.077661215520216,4.19913136618422,4.786263077429366,58.20677264871774
1.6451042743449276,4.502358957317663,5.925627840682328,58.208807894269555
1.274794192496327,3.8631665474205104,1.2876729369337676,33.45674690321368
1.5529595720636726,2.349545625736965,5.611611706365576,49.064413699628055
